{
  "baseline": [
    1.0,
    0.9823333621025085,
    1.0,
    0.9903333187103271,
    0.999666690826416,
    0.9286666512489319,
    0.9803333282470703
  ],
  "interventions": {
    "zero_h0": [
      0.06666667014360428,
      0.004333333112299442,
      0.054666668176651,
      0.004999999888241291,
      0.10266666859388351,
      0.004999999888241291,
      0.009666666388511658
    ],
    "zero_h1": [
      1.0,
      0.0033333334140479565,
      0.054666668176651,
      0.004000000189989805,
      0.09566666930913925,
      0.007000000216066837,
      0.012333333492279053
    ],
    "zero_h2": [
      1.0,
      0.9823333621025085,
      0.0716666653752327,
      0.003000000026077032,
      0.09333333373069763,
      0.00566666666418314,
      0.009666666388511658
    ],
    "zero_h3": [
      1.0,
      0.9823333621025085,
      1.0,
      0.00566666666418314,
      0.09566666930913925,
      0.0026666666381061077,
      0.006666666828095913
    ],
    "zero_h4": [
      1.0,
      0.9823333621025085,
      1.0,
      0.9903333187103271,
      0.10833333432674408,
      0.004666666500270367,
      0.010999999940395355
    ],
    "zero_h5": [
      1.0,
      0.9823333621025085,
      1.0,
      0.9903333187103271,
      0.999666690826416,
      0.006000000052154064,
      0.009333333000540733
    ],
    "zero_h6": [
      1.0,
      0.9823333621025085,
      1.0,
      0.9903333187103271,
      0.999666690826416,
      0.9286666512489319,
      0.007666666526347399
    ]
  }
}