{
  "PHONEME": {
    "acc": 1.0,
    "chance": 0.029411764705882353,
    "delta": 0.9705882352941176,
    "vocab": 34
  },
  "SYLLABLE": {
    "acc": 0.9933333396911621,
    "chance": 0.00017304031839418584,
    "delta": 0.993160299372768,
    "vocab": 5779
  },
  "MORPHEME": {
    "acc": 0.9963333606719971,
    "chance": 0.007142857142857143,
    "delta": 0.98919050352914,
    "vocab": 140
  },
  "WORD": {
    "acc": 0.9950000047683716,
    "chance": 2.902336380786533e-05,
    "delta": 0.9949709814045637,
    "vocab": 34455
  },
  "PHRASE": {
    "acc": 0.6933333277702332,
    "chance": 0.02,
    "delta": 0.6733333277702331,
    "vocab": 50
  },
  "SEMANTIC": {
    "acc": 0.38499999046325684,
    "chance": 0.005,
    "delta": 0.37999999046325683,
    "vocab": 200
  },
  "DISCOURSE": {
    "acc": 0.7020000219345093,
    "chance": 0.01,
    "delta": 0.6920000219345093,
    "vocab": 100
  }
}