{
  "PHONEME": {
    "acc": 1.0,
    "chance": 0.029411764705882353,
    "delta": 0.9705882352941176,
    "vocab": 34
  },
  "SYLLABLE": {
    "acc": 0.9829999804496765,
    "chance": 0.0001721763085399449,
    "delta": 0.9828278041411366,
    "vocab": 5808
  },
  "MORPHEME": {
    "acc": 1.0,
    "chance": 0.0625,
    "delta": 0.9375,
    "vocab": 16
  },
  "WORD": {
    "acc": 0.987333357334137,
    "chance": 2.902336380786533e-05,
    "delta": 0.9873043339703291,
    "vocab": 34455
  },
  "PHRASE": {
    "acc": 0.999666690826416,
    "chance": 0.1,
    "delta": 0.899666690826416,
    "vocab": 10
  },
  "SEMANTIC": {
    "acc": 0.7436666488647461,
    "chance": 0.005,
    "delta": 0.7386666488647461,
    "vocab": 200
  },
  "DISCOURSE": {
    "acc": 0.9506666660308838,
    "chance": 0.01,
    "delta": 0.9406666660308838,
    "vocab": 100
  }
}