{
  "PHONEME": {
    "acc": 0.012478485703468323,
    "chance": 0.022727272727272728,
    "delta": -0.010248787023804405,
    "classes": 44
  },
  "SYLLABLE": {
    "acc": 0.86919105052948,
    "chance": 0.00390625,
    "delta": 0.86528480052948,
    "classes": 256
  },
  "MORPHEME": {
    "acc": 0.05765920877456665,
    "chance": 0.0625,
    "delta": -0.00484079122543335,
    "classes": 16
  },
  "WORD": {
    "acc": 0.86919105052948,
    "chance": 0.00390625,
    "delta": 0.86528480052948,
    "classes": 256
  },
  "PHRASE": {
    "acc": 0.000860585190821439,
    "chance": 0.005,
    "delta": -0.004139414809178561,
    "classes": 200
  },
  "SEMANTIC": {
    "acc": 0.0004302925954107195,
    "chance": 0.005,
    "delta": -0.004569707404589281,
    "classes": 200
  },
  "DISCOURSE": {
    "acc": 0.0030120480805635452,
    "chance": 0.01,
    "delta": -0.006987951919436455,
    "classes": 100
  }
}