{
  "PHONEME": {
    "acc": 0.0,
    "chance": 0.022727272727272728,
    "delta": -0.022727272727272728,
    "classes": 44
  },
  "SYLLABLE": {
    "acc": 0.9314285516738892,
    "chance": 0.00390625,
    "delta": 0.9275223016738892,
    "classes": 256
  },
  "MORPHEME": {
    "acc": 0.04571428522467613,
    "chance": 0.0625,
    "delta": -0.016785714775323868,
    "classes": 16
  },
  "WORD": {
    "acc": 0.8799999952316284,
    "chance": 0.00390625,
    "delta": 0.8760937452316284,
    "classes": 256
  },
  "PHRASE": {
    "acc": 0.0,
    "chance": 0.005,
    "delta": -0.005,
    "classes": 200
  },
  "SEMANTIC": {
    "acc": 0.0,
    "chance": 0.005,
    "delta": -0.005,
    "classes": 200
  },
  "DISCOURSE": {
    "acc": 0.0057142856530845165,
    "chance": 0.01,
    "delta": -0.004285714346915484,
    "classes": 100
  }
}