{
  "PHONEME": {
    "acc": 1.0,
    "chance": 0.029411764705882353,
    "delta": 0.9705882352941176,
    "vocab": 34
  },
  "SYLLABLE": {
    "acc": 0.9677197933197021,
    "chance": 0.00017337031900138697,
    "delta": 0.9675464230007007,
    "vocab": 5768
  },
  "MORPHEME": {
    "acc": 0.9812843203544617,
    "chance": 0.007142857142857143,
    "delta": 0.9741414632116046,
    "vocab": 140
  },
  "WORD": {
    "acc": 0.9929601550102234,
    "chance": 2.902336380786533e-05,
    "delta": 0.9929311316464156,
    "vocab": 34455
  },
  "PHRASE": {
    "acc": 0.8583447933197021,
    "chance": 0.02,
    "delta": 0.8383447933197021,
    "vocab": 50
  },
  "SEMANTIC": {
    "acc": 0.9963942170143127,
    "chance": 0.016666666666666666,
    "delta": 0.979727550347646,
    "vocab": 60
  },
  "DISCOURSE": {
    "acc": 0.8815247416496277,
    "chance": 0.041666666666666664,
    "delta": 0.8398580749829611,
    "vocab": 24
  }
}