{
  "baseline": [
    1.0,
    0.9970810413360596,
    0.9981112480163574,
    0.9986263513565063,
    0.9876373410224915,
    0.994848906993866,
    0.9898695349693298
  ],
  "vocab": [
    34,
    5768,
    140,
    34455,
    50,
    60,
    24
  ],
  "params": 55274628,
  "interventions": {
    "h0_PHONEME": {
      "corrupt": [
        0.13221153616905212,
        0.001545329694636166,
        0.01940247230231762,
        0.002747252816334367,
        0.01923076994717121,
        0.017342032864689827,
        0.045157965272665024
      ],
      "patched": [
        1.0,
        0.9970810413360596,
        0.9981112480163574,
        0.9986263513565063,
        0.9876373410224915,
        0.994848906993866,
        0.9898695349693298
      ],
      "localized": true
    },
    "h1_SYLLABLE": {
      "corrupt": [
        1.0,
        0.011504121124744415,
        0.0,
        0.002060439670458436,
        0.021978022530674934,
        0.016826923936605453,
        0.046875
      ],
      "patched": [
        1.0,
        0.9970810413360596,
        0.9981112480163574,
        0.9986263513565063,
        0.9876373410224915,
        0.994848906993866,
        0.9898695349693298
      ],
      "localized": true
    },
    "h2_MORPHEME": {
      "corrupt": [
        1.0,
        0.9970810413360596,
        0.010130494832992554,
        0.0,
        0.01373626384884119,
        0.01785714365541935,
        0.044299449771642685
      ],
      "patched": [
        1.0,
        0.9970810413360596,
        0.9981112480163574,
        0.9986263513565063,
        0.9876373410224915,
        0.994848906993866,
        0.9898695349693298
      ],
      "localized": true
    },
    "h3_WORD": {
      "corrupt": [
        1.0,
        0.9970810413360596,
        0.9981112480163574,
        0.0017170329811051488,
        0.012362637557089329,
        0.01699862629175186,
        0.03863324224948883
      ],
      "patched": [
        1.0,
        0.9970810413360596,
        0.9981112480163574,
        0.9986263513565063,
        0.9876373410224915,
        0.994848906993866,
        0.9898695349693298
      ],
      "localized": true
    },
    "h4_PHRASE": {
      "corrupt": [
        1.0,
        0.9970810413360596,
        0.9981112480163574,
        0.9986263513565063,
        0.024725275114178658,
        0.016483517363667488,
        0.045673076063394547
      ],
      "patched": [
        1.0,
        0.9970810413360596,
        0.9981112480163574,
        0.9986263513565063,
        0.9876373410224915,
        0.994848906993866,
        0.9898695349693298
      ],
      "localized": true
    },
    "h5_SEMANTIC": {
      "corrupt": [
        1.0,
        0.9970810413360596,
        0.9981112480163574,
        0.9986263513565063,
        0.9876373410224915,
        0.01699862629175186,
        0.04481456056237221
      ],
      "patched": [
        1.0,
        0.9970810413360596,
        0.9981112480163574,
        0.9986263513565063,
        0.9876373410224915,
        0.994848906993866,
        0.9898695349693298
      ],
      "localized": true
    },
    "h6_DISCOURSE": {
      "corrupt": [
        1.0,
        0.9970810413360596,
        0.9981112480163574,
        0.9986263513565063,
        0.9876373410224915,
        0.994848906993866,
        0.04086538404226303
      ],
      "patched": [
        1.0,
        0.9970810413360596,
        0.9981112480163574,
        0.9986263513565063,
        0.9876373410224915,
        0.994848906993866,
        0.9898695349693298
      ],
      "localized": true
    }
  }
}