{
  "PHONEME": {
    "acc": 1.0,
    "chance": 0.041666666666666664,
    "delta": 0.9583333333333334,
    "n_classes": 24
  },
  "SYLLABLE": {
    "acc": 0.7412242889404297,
    "chance": 0.00045955882352941176,
    "delta": 0.7407647301169002,
    "n_classes": 2176
  },
  "MORPHEME": {
    "acc": 0.9952911138534546,
    "chance": 0.03125,
    "delta": 0.9640411138534546,
    "n_classes": 32
  },
  "WORD": {
    "acc": 0.6994863152503967,
    "chance": 0.00022732439190725165,
    "delta": 0.6992589908584895,
    "n_classes": 4399
  },
  "PHRASE": {
    "acc": 0.9520547986030579,
    "chance": 0.05555555555555555,
    "delta": 0.8964992430475023,
    "n_classes": 18
  },
  "SEMANTIC": {
    "acc": 0.9319349527359009,
    "chance": 0.06666666666666667,
    "delta": 0.8652682860692342,
    "n_classes": 15
  },
  "DISCOURSE": {
    "acc": 0.9424229264259338,
    "chance": 0.125,
    "delta": 0.8174229264259338,
    "n_classes": 8
  }
}