{
  "baseline": [
    1.0,
    0.9936666488647461,
    0.9976666569709778,
    0.996666669845581,
    0.8253333568572998,
    0.7416666746139526,
    0.8790000081062317
  ],
  "vocab": [
    34,
    5779,
    140,
    34455,
    50,
    200,
    100
  ],
  "interventions": {
    "h0_PHONEME": {
      "corrupt": [
        0.04766666516661644,
        0.004666666500270367,
        0.02133333310484886,
        0.004000000189989805,
        0.021666666492819786,
        0.007333333138376474,
        0.013000000268220901
      ],
      "patched": [
        1.0,
        0.9936666488647461,
        0.9976666569709778,
        0.996666669845581,
        0.8253333568572998,
        0.7416666746139526,
        0.8790000081062317
      ],
      "localized": true
    },
    "h1_SYLLABLE": {
      "corrupt": [
        1.0,
        0.008999999612569809,
        0.013000000268220901,
        0.003000000026077032,
        0.02133333310484886,
        0.004999999888241291,
        0.008333333767950535
      ],
      "patched": [
        1.0,
        0.9936666488647461,
        0.9976666569709778,
        0.996666669845581,
        0.8253333568572998,
        0.7416666746139526,
        0.8790000081062317
      ],
      "localized": true
    },
    "h2_MORPHEME": {
      "corrupt": [
        1.0,
        0.9936666488647461,
        0.02199999988079071,
        0.004666666500270367,
        0.016333334147930145,
        0.004666666500270367,
        0.008999999612569809
      ],
      "patched": [
        1.0,
        0.9936666488647461,
        0.9976666569709778,
        0.996666669845581,
        0.8253333568572998,
        0.7416666746139526,
        0.8790000081062317
      ],
      "localized": true
    },
    "h3_WORD": {
      "corrupt": [
        1.0,
        0.9936666488647461,
        0.9976666569709778,
        0.005333333276212215,
        0.016333334147930145,
        0.0026666666381061077,
        0.006666666828095913
      ],
      "patched": [
        1.0,
        0.9936666488647461,
        0.9976666569709778,
        0.996666669845581,
        0.8253333568572998,
        0.7416666746139526,
        0.8790000081062317
      ],
      "localized": true
    },
    "h4_PHRASE": {
      "corrupt": [
        1.0,
        0.9936666488647461,
        0.9976666569709778,
        0.996666669845581,
        0.02133333310484886,
        0.004999999888241291,
        0.008333333767950535
      ],
      "patched": [
        1.0,
        0.9936666488647461,
        0.9976666569709778,
        0.996666669845581,
        0.8253333568572998,
        0.7416666746139526,
        0.8790000081062317
      ],
      "localized": true
    },
    "h5_SEMANTIC": {
      "corrupt": [
        1.0,
        0.9936666488647461,
        0.9976666569709778,
        0.996666669845581,
        0.8253333568572998,
        0.0063333334401249886,
        0.010333333164453506
      ],
      "patched": [
        1.0,
        0.9936666488647461,
        0.9976666569709778,
        0.996666669845581,
        0.8253333568572998,
        0.7416666746139526,
        0.8790000081062317
      ],
      "localized": true
    },
    "h6_DISCOURSE": {
      "corrupt": [
        1.0,
        0.9936666488647461,
        0.9976666569709778,
        0.996666669845581,
        0.8253333568572998,
        0.7416666746139526,
        0.011666666716337204
      ],
      "patched": [
        1.0,
        0.9936666488647461,
        0.9976666569709778,
        0.996666669845581,
        0.8253333568572998,
        0.7416666746139526,
        0.8790000081062317
      ],
      "localized": true
    }
  }
}