{
  "PHONEME": {
    "acc": 1.0,
    "chance": 0.029411764705882353,
    "delta": 0.9705882352941176,
    "vocab": 34
  },
  "SYLLABLE": {
    "acc": 0.990041196346283,
    "chance": 0.00017337031900138697,
    "delta": 0.9898678260272815,
    "vocab": 5768
  },
  "MORPHEME": {
    "acc": 0.9927884340286255,
    "chance": 0.007142857142857143,
    "delta": 0.9856455768857684,
    "vocab": 140
  },
  "WORD": {
    "acc": 0.9945054650306702,
    "chance": 2.902336380786533e-05,
    "delta": 0.9944764416668623,
    "vocab": 34455
  },
  "PHRASE": {
    "acc": 0.9325206279754639,
    "chance": 0.02,
    "delta": 0.9125206279754638,
    "vocab": 50
  },
  "SEMANTIC": {
    "acc": 0.9689217209815979,
    "chance": 0.016666666666666666,
    "delta": 0.9522550543149312,
    "vocab": 60
  },
  "DISCOURSE": {
    "acc": 0.9278846383094788,
    "chance": 0.041666666666666664,
    "delta": 0.8862179716428121,
    "vocab": 24
  }
}